event_id,timestamp,event_type,severity,user_email,user_role,user_team,resource_type,resource_name,resource_id,action,action_result,description,ip_address,user_agent,session_id,request_id,approver_email,approval_status,metadata,before_state,after_state,risk_score,compliance_tags
AUDIT-1735234567890-ABC123,2024-12-26T10:00:00.000Z,LOGIN,LOW,alice@company.com,Senior SDE,Backend,,,system_access,SUCCESS,User login attempt,192.168.1.100,Mozilla/5.0 (Macintosh; Intel Mac OS X 10_15_7),sess_abc123,,,,,{},,,10,"authentication,identity"
AUDIT-1735234567891-DEF456,2024-12-26T10:05:00.000Z,ACCESS_REQUEST,HIGH,alice@company.com,Senior SDE,Backend,database,production_db,db_001,request_access,SUCCESS,Access request for database:production_db - Debug customer issue,192.168.1.100,,sess_abc123,REQ-1735234567891,bob@company.com,pending,"{""urgency"": ""high"", ""reason"": ""Debug customer issue""}",,,75,"access_control,production_access,data_access,gdpr"
AUDIT-1735234567892-GHI789,2024-12-26T10:10:00.000Z,TOOL_EXECUTED,LOW,alice@company.com,Senior SDE,Backend,,,execute_tool_checkUserAccess,SUCCESS,Tool checkUserAccess executed successfully,192.168.1.100,,sess_abc123,,,,,"{""tool_name"": ""checkUserAccess"", ""parameters"": {""userEmail"": ""alice@company.com""}, ""execution_time_ms"": 150}",,,5,"automation,tool_usage"
AUDIT-1735234567893-JKL012,2024-12-26T10:15:00.000Z,UI_ACTION_PERFORMED,LOW,eve@company.com,SDE Intern,Mobile,,,ui_access_request_form_submit,SUCCESS,UI interaction: access_request_form - submit,192.168.1.101,,sess_def456,,,,,"{""component_type"": ""access_request_form"", ""ui_action"": ""submit"", ""form_data"": {""resourceType"": ""database"", ""resourceName"": ""staging_db""}}",,,15,"user_interaction,ui"
AUDIT-1735234567894-MNO345,2024-12-26T10:20:00.000Z,IP_WHITELISTED,MEDIUM,charlie@company.com,SDE,Frontend,network,vpn_whitelist,ip_001,ip_whitelisted,SUCCESS,IP 203.45.67.89 whitelisted for charlie@company.com,203.45.67.89,,sess_ghi789,,,,,"{""whitelist_reason"": ""Working from home"", ""network_action"": ""WHITELISTED""}",,,50
AUDIT-1735234567895-PQR678,2024-12-26T10:25:00.000Z,SECURITY_VIOLATION,HIGH,unknown,,,,,suspicious_activity,FAILURE,Multiple failed access attempts detected,10.0.0.1,,,,,,,,"{""failed_attempts"": 5, ""time_window"": ""5_minutes""}",,,90
AUDIT-1762036183793-64UNOO,2025-11-01T22:29:43.793Z,SYSTEM_ACCESS,LOW,alice@company.com,,,,,,suggested_query_clicked,SUCCESS,User clicked suggested query: Whitelist my IP,::1,"Mozilla/5.0 (Macintosh; Intel Mac OS X 10_15_7) AppleWebKit/537.36 (KHTML, like Gecko) Chrome/141.0.0.0 Safari/537.36",,,,,"{""suggestion_text"":""Whitelist my IP"",""input_method"":""suggestion_button"",""ui_component"":""suggested_queries"",""browser_url"":""http://localhost:3000/"",""browser_referrer"":""http://localhost:3000/"",""browser_user_agent"":""Mozilla/5.0 (Macintosh; Intel Mac OS X 10_15_7) AppleWebKit/537.36 (KHTML, like Gecko) Chrome/141.0.0.0 Safari/537.36"",""browser_timestamp"":""2025-11-01T22:29:43.635Z"",""client_side"":true,""server_processed"":true,""received_at"":""2025-11-01T22:29:43.793Z""}",,,0,
AUDIT-1762036183928-0M6FMU,2025-11-01T22:29:43.928Z,SYSTEM_ACCESS,LOW,alice@company.com,,,,,,chat_request_initiated,SUCCESS,Chat request initiated with 1 messages,::1,"Mozilla/5.0 (Macintosh; Intel Mac OS X 10_15_7) AppleWebKit/537.36 (KHTML, like Gecko) Chrome/141.0.0.0 Safari/537.36",,REQ-1762036183928-1myofp,,,"{""message_count"":1,""last_message"":""Whitelist my IP"",""request_method"":""POST"",""endpoint"":""/api/chat""}",,,0,
AUDIT-1762036187907-IVRHH4,2025-11-01T22:29:47.907Z,TOOL_EXECUTED,LOW,alice@company.com,,,,,,execute_tool_checkUserAccess,SUCCESS,Tool checkUserAccess executed success,,,,,,,"{""tool_name"":""checkUserAccess"",""parameters"":{""userEmail"":""alice@company.com""}}",,,0,"automation,tool_usage"
AUDIT-1762036187914-AT3SE9,2025-11-01T22:29:47.914Z,SYSTEM_ACCESS,LOW,alice@company.com,,,,,,access_check_completed,SUCCESS,User access check returned 6 active permissions,,,,,,,"{""access_count"":6,""resources"":""database:staging_db,database:production_db,api_key:stripe,network:vpn_whitelist,cloud:aws_dev,tool:datadog""}",,,0,
AUDIT-1762036187917-ATUTDA,2025-11-01T22:29:47.917Z,TOOL_EXECUTED,LOW,alice@company.com,,,,,,execute_tool_checkUserAccess,SUCCESS,Tool checkUserAccess executed success,,,,,,,"{""tool_name"":""checkUserAccess"",""parameters"":{""userEmail"":""alice@company.com""},""error_message"":10}",,,0,"automation,tool_usage"
AUDIT-1762036193167-7ZH9A9,2025-11-01T22:29:53.167Z,SYSTEM_ACCESS,LOW,alice@company.com,,,,,,chat_request_completed,SUCCESS,Chat request completed successfully in 9237ms,::1,"Mozilla/5.0 (Macintosh; Intel Mac OS X 10_15_7) AppleWebKit/537.36 (KHTML, like Gecko) Chrome/141.0.0.0 Safari/537.36",,REQ-1762036183928-1myofp,,,"{""execution_time_ms"":9237,""token_usage"":{""inputTokens"":2920,""outputTokens"":226,""totalTokens"":3146,""reasoningTokens"":0,""cachedInputTokens"":2688},""finish_reason"":""stop"",""response_length"":994}",,,0,
AUDIT-1762036265607-MW6MWA,2025-11-01T22:31:05.607Z,SYSTEM_ACCESS,LOW,alice@company.com,,,,,,chat_message_sent,SUCCESS,"User sent chat message: I have completed the training ",::1,"Mozilla/5.0 (Macintosh; Intel Mac OS X 10_15_7) AppleWebKit/537.36 (KHTML, like Gecko) Chrome/141.0.0.0 Safari/537.36",,,,,"{""message_length"":30,""message_preview"":""I have completed the training "",""input_method"":""text_input"",""browser_url"":""http://localhost:3000/"",""browser_referrer"":""http://localhost:3000/"",""browser_user_agent"":""Mozilla/5.0 (Macintosh; Intel Mac OS X 10_15_7) AppleWebKit/537.36 (KHTML, like Gecko) Chrome/141.0.0.0 Safari/537.36"",""browser_timestamp"":""2025-11-01T22:31:05.591Z"",""client_side"":true,""server_processed"":true,""received_at"":""2025-11-01T22:31:05.607Z""}",,,0,
AUDIT-1762036265646-TINOAJ,2025-11-01T22:31:05.646Z,SYSTEM_ACCESS,LOW,alice@company.com,,,,,,chat_request_initiated,SUCCESS,Chat request initiated with 3 messages,::1,"Mozilla/5.0 (Macintosh; Intel Mac OS X 10_15_7) AppleWebKit/537.36 (KHTML, like Gecko) Chrome/141.0.0.0 Safari/537.36",,REQ-1762036265646-bxcp40,,,"{""message_count"":3,""last_message"":""I have completed the training "",""request_method"":""POST"",""endpoint"":""/api/chat""}",,,0,
AUDIT-1762036270110-YFLIZW,2025-11-01T22:31:10.110Z,SYSTEM_ACCESS,LOW,alice@company.com,,,,,,chat_request_completed,SUCCESS,Chat request completed successfully in 4462ms,::1,"Mozilla/5.0 (Macintosh; Intel Mac OS X 10_15_7) AppleWebKit/537.36 (KHTML, like Gecko) Chrome/141.0.0.0 Safari/537.36",,REQ-1762036265646-bxcp40,,,"{""execution_time_ms"":4462,""token_usage"":{""inputTokens"":3501,""outputTokens"":212,""totalTokens"":3713,""reasoningTokens"":0,""cachedInputTokens"":3072},""finish_reason"":""stop"",""response_length"":840}",,,0,
AUDIT-1762036346147-19I9U0,2025-11-01T22:32:26.147Z,SYSTEM_ACCESS,LOW,alice@company.com,,,,,,suggested_query_clicked,SUCCESS,User clicked suggested query: Who owns the payment service?,::1,"Mozilla/5.0 (Macintosh; Intel Mac OS X 10_15_7) AppleWebKit/537.36 (KHTML, like Gecko) Chrome/141.0.0.0 Safari/537.36",,,,,"{""suggestion_text"":""Who owns the payment service?"",""input_method"":""suggestion_button"",""ui_component"":""suggested_queries"",""browser_url"":""http://localhost:3000/"",""browser_referrer"":""http://localhost:3000/"",""browser_user_agent"":""Mozilla/5.0 (Macintosh; Intel Mac OS X 10_15_7) AppleWebKit/537.36 (KHTML, like Gecko) Chrome/141.0.0.0 Safari/537.36"",""browser_timestamp"":""2025-11-01T22:32:26.124Z"",""client_side"":true,""server_processed"":true,""received_at"":""2025-11-01T22:32:26.147Z""}",,,0,
AUDIT-1762036346191-9FRDF3,2025-11-01T22:32:26.191Z,SYSTEM_ACCESS,LOW,alice@company.com,,,,,,chat_request_initiated,SUCCESS,Chat request initiated with 1 messages,::1,"Mozilla/5.0 (Macintosh; Intel Mac OS X 10_15_7) AppleWebKit/537.36 (KHTML, like Gecko) Chrome/141.0.0.0 Safari/537.36",,REQ-1762036346191-m5gmst,,,"{""message_count"":1,""last_message"":""Who owns the payment service?"",""request_method"":""POST"",""endpoint"":""/api/chat""}",,,0,
AUDIT-1762036349780-IWJ8DL,2025-11-01T22:32:29.780Z,SYSTEM_ACCESS,LOW,alice@company.com,,,,,,chat_request_completed,SUCCESS,Chat request completed successfully in 3587ms,::1,"Mozilla/5.0 (Macintosh; Intel Mac OS X 10_15_7) AppleWebKit/537.36 (KHTML, like Gecko) Chrome/141.0.0.0 Safari/537.36",,REQ-1762036346191-m5gmst,,,"{""execution_time_ms"":3587,""token_usage"":{""inputTokens"":2502,""outputTokens"":108,""totalTokens"":2610,""reasoningTokens"":0,""cachedInputTokens"":2304},""finish_reason"":""stop"",""response_length"":463}",,,0,
AUDIT-1762036375469-CIQRJZ,2025-11-01T22:32:55.469Z,SYSTEM_ACCESS,LOW,alice@company.com,,,,,,chat_message_sent,SUCCESS,"User sent chat message: I need access for backend git repo ",::1,"Mozilla/5.0 (Macintosh; Intel Mac OS X 10_15_7) AppleWebKit/537.36 (KHTML, like Gecko) Chrome/141.0.0.0 Safari/537.36",,,,,"{""message_length"":35,""message_preview"":""I need access for backend git repo "",""input_method"":""text_input"",""browser_url"":""http://localhost:3000/"",""browser_referrer"":""http://localhost:3000/"",""browser_user_agent"":""Mozilla/5.0 (Macintosh; Intel Mac OS X 10_15_7) AppleWebKit/537.36 (KHTML, like Gecko) Chrome/141.0.0.0 Safari/537.36"",""browser_timestamp"":""2025-11-01T22:32:55.445Z"",""client_side"":true,""server_processed"":true,""received_at"":""2025-11-01T22:32:55.469Z""}",,,0,
AUDIT-1762036375512-WRRQ2H,2025-11-01T22:32:55.512Z,SYSTEM_ACCESS,LOW,alice@company.com,,,,,,chat_request_initiated,SUCCESS,Chat request initiated with 3 messages,::1,"Mozilla/5.0 (Macintosh; Intel Mac OS X 10_15_7) AppleWebKit/537.36 (KHTML, like Gecko) Chrome/141.0.0.0 Safari/537.36",,REQ-1762036375512-r5jarq,,,"{""message_count"":3,""last_message"":""I need access for backend git repo "",""request_method"":""POST"",""endpoint"":""/api/chat""}",,,0,
AUDIT-1762036377843-AVN1AM,2025-11-01T22:32:57.843Z,TOOL_EXECUTED,LOW,alice@company.com,,,,,,execute_tool_checkUserAccess,SUCCESS,Tool checkUserAccess executed success,,,,,,,"{""tool_name"":""checkUserAccess"",""parameters"":{""userEmail"":""alice@company.com""}}",,,0,"automation,tool_usage"
AUDIT-1762036377849-ZLTO3I,2025-11-01T22:32:57.849Z,SYSTEM_ACCESS,LOW,alice@company.com,,,,,,access_check_completed,SUCCESS,User access check returned 6 active permissions,,,,,,,"{""access_count"":6,""resources"":""database:staging_db,database:production_db,api_key:stripe,network:vpn_whitelist,cloud:aws_dev,tool:datadog""}",,,0,
AUDIT-1762036377852-1RTSN9,2025-11-01T22:32:57.852Z,TOOL_EXECUTED,LOW,alice@company.com,,,,,,execute_tool_checkUserAccess,SUCCESS,Tool checkUserAccess executed success,,,,,,,"{""tool_name"":""checkUserAccess"",""parameters"":{""userEmail"":""alice@company.com""},""error_message"":9}",,,0,"automation,tool_usage"
AUDIT-1762036379213-CDXRIM,2025-11-01T22:32:59.213Z,TOOL_EXECUTED,LOW,alice@company.com,,,,,,execute_tool_getUserRequestHistory,SUCCESS,Tool getUserRequestHistory executed success,,,,,,,"{""tool_name"":""getUserRequestHistory"",""parameters"":{""userEmail"":""alice@company.com""}}",,,0,"automation,tool_usage"
AUDIT-1762036379222-7FZFL3,2025-11-01T22:32:59.222Z,SYSTEM_ACCESS,LOW,alice@company.com,,,,,,request_history_retrieved,SUCCESS,"Request history retrieved: 2 pending, 1 approved, 0 rejected",,,,,,,"{""total_requests"":3,""pending_count"":2,""approved_count"":1,""rejected_count"":0}",,,0,
AUDIT-1762036383942-29APBW,2025-11-01T22:33:03.942Z,SYSTEM_ACCESS,LOW,alice@company.com,,,,,,chat_request_completed,SUCCESS,Chat request completed successfully in 8427ms,::1,"Mozilla/5.0 (Macintosh; Intel Mac OS X 10_15_7) AppleWebKit/537.36 (KHTML, like Gecko) Chrome/141.0.0.0 Safari/537.36",,REQ-1762036375512-r5jarq,,,"{""execution_time_ms"":8427,""token_usage"":{""inputTokens"":3412,""outputTokens"":85,""totalTokens"":3497,""reasoningTokens"":0,""cachedInputTokens"":3200},""finish_reason"":""stop"",""response_length"":403}",,,0,
AUDIT-1762036393820-MI5ITG,2025-11-01T22:33:13.820Z,UI_ACTION_PERFORMED,LOW,alice@company.com,,,,,,ui_submit_access_request_performed,SUCCESS,UI interaction: submit_access_request - performed,::1,"Mozilla/5.0 (Macintosh; Intel Mac OS X 10_15_7) AppleWebKit/537.36 (KHTML, like Gecko) Chrome/141.0.0.0 Safari/537.36",,,,,"{""component_type"":""submit_access_request"",""ui_action"":""performed"",""form_data"":{""resourceType"":""github"",""resourceName"":""backend_team_org"",""reason"":""To test a new feature."",""urgency"":""medium""},""browser_url"":""http://localhost:3000/"",""browser_referrer"":""http://localhost:3000/"",""browser_user_agent"":""Mozilla/5.0 (Macintosh; Intel Mac OS X 10_15_7) AppleWebKit/537.36 (KHTML, like Gecko) Chrome/141.0.0.0 Safari/537.36"",""browser_timestamp"":""2025-11-01T22:33:13.801Z"",""client_side"":true,""server_processed"":true,""received_at"":""2025-11-01T22:33:13.820Z""}",,,0,"user_interaction,ui"
AUDIT-1762036393842-PLL3RX,2025-11-01T22:33:13.842Z,SYSTEM_ACCESS,LOW,alice@company.com,,,,,,access_request_form_submitted,SUCCESS,User submitted access request form for github:backend_team_org,::1,"Mozilla/5.0 (Macintosh; Intel Mac OS X 10_15_7) AppleWebKit/537.36 (KHTML, like Gecko) Chrome/141.0.0.0 Safari/537.36",,,,,"{""form_data"":{""resourceType"":""github"",""resourceName"":""backend_team_org"",""reason"":""To test a new feature."",""urgency"":""medium""},""ui_component"":""access_request_form"",""browser_url"":""http://localhost:3000/"",""browser_referrer"":""http://localhost:3000/"",""browser_user_agent"":""Mozilla/5.0 (Macintosh; Intel Mac OS X 10_15_7) AppleWebKit/537.36 (KHTML, like Gecko) Chrome/141.0.0.0 Safari/537.36"",""browser_timestamp"":""2025-11-01T22:33:13.836Z"",""client_side"":true,""server_processed"":true,""received_at"":""2025-11-01T22:33:13.842Z""}",,,0,"form_submission,access_request"
AUDIT-1762036393957-UKOSCP,2025-11-01T22:33:13.957Z,SYSTEM_ACCESS,LOW,alice@company.com,,,,,,chat_request_initiated,SUCCESS,Chat request initiated with 5 messages,::1,"Mozilla/5.0 (Macintosh; Intel Mac OS X 10_15_7) AppleWebKit/537.36 (KHTML, like Gecko) Chrome/141.0.0.0 Safari/537.36",,REQ-1762036393957-xqsld6,,,"{""message_count"":5,""last_message"":""I've submitted an access request for github:backend_team_org. Reason: To test a new feature.. Urgenc"",""request_method"":""POST"",""endpoint"":""/api/chat""}",,,0,
AUDIT-1762036395489-K6I7OK,2025-11-01T22:33:15.489Z,ACCESS_REQUEST,LOW,alice@company.com,,,github,backend_team_org,,request_access,PENDING,Access request for github:backend_team_org - To test a new feature.,,,,,,,,,,10,access_control
AUDIT-1762036396299-18E0X8,2025-11-01T22:33:16.299Z,APPROVAL_REQUESTED,LOW,alice@company.com,,,github,backend_team_org,,approval_requested,PENDING,Access request REQ-1762036395496 requested for github:backend_team_org,,,,REQ-1762036395496,bob@company.com,,"{""approval_reason"":""To test a new feature."",""workflow_step"":""REQUESTED""}",,,0,"approval_workflow,governance"
AUDIT-1762036396304-F7ISPN,2025-11-01T22:33:16.304Z,TOOL_EXECUTED,LOW,alice@company.com,,,,,,execute_tool_requestAccess,SUCCESS,Tool requestAccess executed success,,,,,,,"{""tool_name"":""requestAccess"",""parameters"":{""resourceType"":""github"",""resourceName"":""backend_team_org"",""reason"":""To test a new feature.""},""error_message"":814}",,,0,"automation,tool_usage"
AUDIT-1762036398552-KDPM5M,2025-11-01T22:33:18.552Z,SYSTEM_ACCESS,LOW,alice@company.com,,,,,,chat_request_completed,SUCCESS,Chat request completed successfully in 4592ms,::1,"Mozilla/5.0 (Macintosh; Intel Mac OS X 10_15_7) AppleWebKit/537.36 (KHTML, like Gecko) Chrome/141.0.0.0 Safari/537.36",,REQ-1762036393957-xqsld6,,,"{""execution_time_ms"":4592,""token_usage"":{""inputTokens"":3685,""outputTokens"":109,""totalTokens"":3794,""reasoningTokens"":0,""cachedInputTokens"":3584},""finish_reason"":""stop"",""response_length"":435}",,,0,
AUDIT-1762036460944-EN76TD,2025-11-01T22:34:20.944Z,SYSTEM_ACCESS,LOW,alice@company.com,,,,,,suggested_query_clicked,SUCCESS,User clicked suggested query: Whitelist my IP,::1,"Mozilla/5.0 (Macintosh; Intel Mac OS X 10_15_7) AppleWebKit/537.36 (KHTML, like Gecko) Chrome/141.0.0.0 Safari/537.36",,,,,"{""suggestion_text"":""Whitelist my IP"",""input_method"":""suggestion_button"",""ui_component"":""suggested_queries"",""browser_url"":""http://localhost:3000/"",""browser_referrer"":""http://localhost:3000/"",""browser_user_agent"":""Mozilla/5.0 (Macintosh; Intel Mac OS X 10_15_7) AppleWebKit/537.36 (KHTML, like Gecko) Chrome/141.0.0.0 Safari/537.36"",""browser_timestamp"":""2025-11-01T22:34:20.930Z"",""client_side"":true,""server_processed"":true,""received_at"":""2025-11-01T22:34:20.944Z""}",,,0,
AUDIT-1762036461096-54A4WE,2025-11-01T22:34:21.096Z,SYSTEM_ACCESS,LOW,alice@company.com,,,,,,chat_request_initiated,SUCCESS,Chat request initiated with 1 messages,::1,"Mozilla/5.0 (Macintosh; Intel Mac OS X 10_15_7) AppleWebKit/537.36 (KHTML, like Gecko) Chrome/141.0.0.0 Safari/537.36",,REQ-1762036461096-9j6s14,,,"{""message_count"":1,""last_message"":""Whitelist my IP"",""request_method"":""POST"",""endpoint"":""/api/chat""}",,,0,
AUDIT-1762036462030-7AKW1V,2025-11-01T22:34:22.030Z,SYSTEM_ACCESS,LOW,system,,,,,,get_current_ip,SUCCESS,Retrieved current IP address: 136.25.15.73,136.25.15.73,,,,,,"{""source"":""ipify_api"",""method"":""fetch""}",,,0,
AUDIT-1762036462034-E0QCAZ,2025-11-01T22:34:22.034Z,TOOL_EXECUTED,LOW,alice@company.com,,,,,,execute_tool_getCurrentIP,SUCCESS,Tool getCurrentIP executed success,,,,,,,"{""tool_name"":""getCurrentIP"",""parameters"":{},""error_message"":129}",,,0,"automation,tool_usage"
AUDIT-1762036463205-4JSGOM,2025-11-01T22:34:23.205Z,SECURITY_VIOLATION,MEDIUM,alice@company.com,,,,,,ip_whitelist_denied_training,SUCCESS,IP whitelist denied - security training not valid,,,,,,,,,,60,"security,violation,alert"
AUDIT-1762036469592-27VC3F,2025-11-01T22:34:29.592Z,SYSTEM_ACCESS,LOW,alice@company.com,,,,,,chat_request_completed,SUCCESS,Chat request completed successfully in 8491ms,::1,"Mozilla/5.0 (Macintosh; Intel Mac OS X 10_15_7) AppleWebKit/537.36 (KHTML, like Gecko) Chrome/141.0.0.0 Safari/537.36",,REQ-1762036461096-9j6s14,,,"{""execution_time_ms"":8491,""token_usage"":{""inputTokens"":3112,""outputTokens"":228,""totalTokens"":3340,""reasoningTokens"":0,""cachedInputTokens"":2688},""finish_reason"":""stop"",""response_length"":873}",,,0,
AUDIT-1762036508906-HKXCBD,2025-11-01T22:35:08.906Z,SYSTEM_ACCESS,LOW,alice@company.com,,,,,,suggested_query_clicked,SUCCESS,User clicked suggested query: Whitelist my IP,::1,"Mozilla/5.0 (Macintosh; Intel Mac OS X 10_15_7) AppleWebKit/537.36 (KHTML, like Gecko) Chrome/141.0.0.0 Safari/537.36",,,,,"{""suggestion_text"":""Whitelist my IP"",""input_method"":""suggestion_button"",""ui_component"":""suggested_queries"",""browser_url"":""http://localhost:3000/"",""browser_referrer"":""http://localhost:3000/"",""browser_user_agent"":""Mozilla/5.0 (Macintosh; Intel Mac OS X 10_15_7) AppleWebKit/537.36 (KHTML, like Gecko) Chrome/141.0.0.0 Safari/537.36"",""browser_timestamp"":""2025-11-01T22:35:08.881Z"",""client_side"":true,""server_processed"":true,""received_at"":""2025-11-01T22:35:08.906Z""}",,,0,
AUDIT-1762036508952-U9IVDD,2025-11-01T22:35:08.952Z,SYSTEM_ACCESS,LOW,alice@company.com,,,,,,chat_request_initiated,SUCCESS,Chat request initiated with 1 messages,::1,"Mozilla/5.0 (Macintosh; Intel Mac OS X 10_15_7) AppleWebKit/537.36 (KHTML, like Gecko) Chrome/141.0.0.0 Safari/537.36",,REQ-1762036508951-ujpj4k,,,"{""message_count"":1,""last_message"":""Whitelist my IP"",""request_method"":""POST"",""endpoint"":""/api/chat""}",,,0,
AUDIT-1762036509840-XTVN5F,2025-11-01T22:35:09.840Z,SYSTEM_ACCESS,LOW,system,,,,,,get_current_ip,SUCCESS,Retrieved current IP address: 136.25.15.73,136.25.15.73,,,,,,"{""source"":""ipify_api"",""method"":""fetch""}",,,0,
AUDIT-1762036509845-JIOADW,2025-11-01T22:35:09.845Z,TOOL_EXECUTED,LOW,alice@company.com,,,,,,execute_tool_getCurrentIP,SUCCESS,Tool getCurrentIP executed success,,,,,,,"{""tool_name"":""getCurrentIP"",""parameters"":{},""error_message"":123}",,,0,"automation,tool_usage"
AUDIT-1762036510811-FJT1ZE,2025-11-01T22:35:10.811Z,SECURITY_VIOLATION,MEDIUM,alice@company.com,,,,,,ip_whitelist_denied_training,SUCCESS,IP whitelist denied - security training not valid,,,,,,,,,,60,"security,violation,alert"
AUDIT-1762036515395-7EQE5W,2025-11-01T22:35:15.395Z,TOOL_EXECUTED,LOW,alice@company.com,,,,,,execute_tool_getUserRequestHistory,SUCCESS,Tool getUserRequestHistory executed success,,,,,,,"{""tool_name"":""getUserRequestHistory"",""parameters"":{""userEmail"":""alice@company.com""}}",,,0,"automation,tool_usage"
AUDIT-1762036515407-EH024N,2025-11-01T22:35:15.407Z,SYSTEM_ACCESS,LOW,alice@company.com,,,,,,request_history_retrieved,SUCCESS,"Request history retrieved: 3 pending, 1 approved, 0 rejected",,,,,,,"{""total_requests"":4,""pending_count"":3,""approved_count"":1,""rejected_count"":0}",,,0,
AUDIT-1762036516844-3A61RL,2025-11-01T22:35:16.844Z,SYSTEM_ACCESS,LOW,alice@company.com,,,,,,chat_request_completed,SUCCESS,Chat request completed successfully in 7889ms,::1,"Mozilla/5.0 (Macintosh; Intel Mac OS X 10_15_7) AppleWebKit/537.36 (KHTML, like Gecko) Chrome/141.0.0.0 Safari/537.36",,REQ-1762036508951-ujpj4k,,,"{""execution_time_ms"":7889,""token_usage"":{""inputTokens"":3156,""outputTokens"":28,""totalTokens"":3184,""reasoningTokens"":0,""cachedInputTokens"":2688},""finish_reason"":""tool-calls"",""response_length"":0}",,,0,
AUDIT-1762036670185-WOABFE,2025-11-01T22:37:50.185Z,SYSTEM_ACCESS,LOW,alice@company.com,,,,,,user_role_switched,SUCCESS,User switched from alice@company.com to eve@company.com,::1,"Mozilla/5.0 (Macintosh; Intel Mac OS X 10_15_7) AppleWebKit/537.36 (KHTML, like Gecko) Chrome/141.0.0.0 Safari/537.36",,,,,"{""previous_user"":""alice@company.com"",""new_user"":""eve@company.com"",""ui_component"":""user_selector"",""browser_url"":""http://localhost:3000/"",""browser_referrer"":""http://localhost:3000/"",""browser_user_agent"":""Mozilla/5.0 (Macintosh; Intel Mac OS X 10_15_7) AppleWebKit/537.36 (KHTML, like Gecko) Chrome/141.0.0.0 Safari/537.36"",""browser_timestamp"":""2025-11-01T22:37:50.088Z"",""client_side"":true,""server_processed"":true,""received_at"":""2025-11-01T22:37:50.183Z""}",,,0,
AUDIT-1762036675466-TNRMXG,2025-11-01T22:37:55.466Z,SYSTEM_ACCESS,LOW,eve@company.com,,,,,,suggested_query_clicked,SUCCESS,User clicked suggested query: What access do I have?,::1,"Mozilla/5.0 (Macintosh; Intel Mac OS X 10_15_7) AppleWebKit/537.36 (KHTML, like Gecko) Chrome/141.0.0.0 Safari/537.36",,,,,"{""suggestion_text"":""What access do I have?"",""input_method"":""suggestion_button"",""ui_component"":""suggested_queries"",""browser_url"":""http://localhost:3000/"",""browser_referrer"":""http://localhost:3000/"",""browser_user_agent"":""Mozilla/5.0 (Macintosh; Intel Mac OS X 10_15_7) AppleWebKit/537.36 (KHTML, like Gecko) Chrome/141.0.0.0 Safari/537.36"",""browser_timestamp"":""2025-11-01T22:37:55.446Z"",""client_side"":true,""server_processed"":true,""received_at"":""2025-11-01T22:37:55.465Z""}",,,0,
AUDIT-1762036675506-7SCEQY,2025-11-01T22:37:55.506Z,SYSTEM_ACCESS,LOW,eve@company.com,,,,,,chat_request_initiated,SUCCESS,Chat request initiated with 1 messages,::1,"Mozilla/5.0 (Macintosh; Intel Mac OS X 10_15_7) AppleWebKit/537.36 (KHTML, like Gecko) Chrome/141.0.0.0 Safari/537.36",,REQ-1762036675506-815tpg,,,"{""message_count"":1,""last_message"":""What access do I have?"",""request_method"":""POST"",""endpoint"":""/api/chat""}",,,0,
AUDIT-1762036677080-3JEDWB,2025-11-01T22:37:57.080Z,TOOL_EXECUTED,LOW,eve@company.com,,,,,,execute_tool_checkUserAccess,SUCCESS,Tool checkUserAccess executed success,,,,,,,"{""tool_name"":""checkUserAccess"",""parameters"":{""userEmail"":""eve@company.com""}}",,,0,"automation,tool_usage"
AUDIT-1762036677088-PEJ274,2025-11-01T22:37:57.088Z,SYSTEM_ACCESS,LOW,eve@company.com,,,,,,access_check_completed,SUCCESS,User access check returned 1 active permissions,,,,,,,"{""access_count"":1,""resources"":""database:staging_db""}",,,0,
AUDIT-1762036677093-SIPZ2G,2025-11-01T22:37:57.093Z,TOOL_EXECUTED,LOW,eve@company.com,,,,,,execute_tool_checkUserAccess,SUCCESS,Tool checkUserAccess executed success,,,,,,,"{""tool_name"":""checkUserAccess"",""parameters"":{""userEmail"":""eve@company.com""},""error_message"":13}",,,0,"automation,tool_usage"
AUDIT-1762036678629-IGJA9J,2025-11-01T22:37:58.629Z,TOOL_EXECUTED,LOW,eve@company.com,,,,,,execute_tool_checkUserAccess,SUCCESS,Tool checkUserAccess executed success,,,,,,,"{""tool_name"":""checkUserAccess"",""parameters"":{""userEmail"":""eve@company.com""}}",,,0,"automation,tool_usage"
AUDIT-1762036678643-5IHQF9,2025-11-01T22:37:58.643Z,SYSTEM_ACCESS,LOW,eve@company.com,,,,,,access_check_completed,SUCCESS,User access check returned 1 active permissions,,,,,,,"{""access_count"":1,""resources"":""database:staging_db""}",,,0,
AUDIT-1762036681215-6SK2K8,2025-11-01T22:38:01.215Z,SYSTEM_ACCESS,LOW,eve@company.com,,,,,,chat_request_completed,SUCCESS,Chat request completed successfully in 5705ms,::1,"Mozilla/5.0 (Macintosh; Intel Mac OS X 10_15_7) AppleWebKit/537.36 (KHTML, like Gecko) Chrome/141.0.0.0 Safari/537.36",,REQ-1762036675506-815tpg,,,"{""execution_time_ms"":5705,""token_usage"":{""inputTokens"":2815,""outputTokens"":113,""totalTokens"":2928,""reasoningTokens"":0,""cachedInputTokens"":2560},""finish_reason"":""stop"",""response_length"":420}",,,0,
AUDIT-1762036692673-KSLV4G,2025-11-01T22:38:12.673Z,SYSTEM_ACCESS,LOW,eve@company.com,,,,,,chat_message_sent,SUCCESS,"User sent chat message: I would like to get access to backend github repo. ",::1,"Mozilla/5.0 (Macintosh; Intel Mac OS X 10_15_7) AppleWebKit/537.36 (KHTML, like Gecko) Chrome/141.0.0.0 Safari/537.36",,,,,"{""message_length"":51,""message_preview"":""I would like to get access to backend github repo. "",""input_method"":""text_input"",""browser_url"":""http://localhost:3000/"",""browser_referrer"":""http://localhost:3000/"",""browser_user_agent"":""Mozilla/5.0 (Macintosh; Intel Mac OS X 10_15_7) AppleWebKit/537.36 (KHTML, like Gecko) Chrome/141.0.0.0 Safari/537.36"",""browser_timestamp"":""2025-11-01T22:38:12.654Z"",""client_side"":true,""server_processed"":true,""received_at"":""2025-11-01T22:38:12.673Z""}",,,0,
AUDIT-1762036692713-Q6I4QU,2025-11-01T22:38:12.713Z,SYSTEM_ACCESS,LOW,eve@company.com,,,,,,chat_request_initiated,SUCCESS,Chat request initiated with 3 messages,::1,"Mozilla/5.0 (Macintosh; Intel Mac OS X 10_15_7) AppleWebKit/537.36 (KHTML, like Gecko) Chrome/141.0.0.0 Safari/537.36",,REQ-1762036692713-v94vx8,,,"{""message_count"":3,""last_message"":""I would like to get access to backend github repo. "",""request_method"":""POST"",""endpoint"":""/api/chat""}",,,0,
AUDIT-1762036695886-700D3D,2025-11-01T22:38:15.886Z,TOOL_EXECUTED,LOW,eve@company.com,,,,,,execute_tool_getUserRequestHistory,SUCCESS,Tool getUserRequestHistory executed success,,,,,,,"{""tool_name"":""getUserRequestHistory"",""parameters"":{""userEmail"":""eve@company.com""}}",,,0,"automation,tool_usage"
AUDIT-1762036695898-UBJRUN,2025-11-01T22:38:15.898Z,SYSTEM_ACCESS,LOW,eve@company.com,,,,,,request_history_retrieved,SUCCESS,"Request history retrieved: 0 pending, 0 approved, 1 rejected",,,,,,,"{""total_requests"":1,""pending_count"":0,""approved_count"":0,""rejected_count"":1}",,,0,
AUDIT-1762036699443-KYICY9,2025-11-01T22:38:19.443Z,SYSTEM_ACCESS,LOW,eve@company.com,,,,,,chat_request_completed,SUCCESS,Chat request completed successfully in 6728ms,::1,"Mozilla/5.0 (Macintosh; Intel Mac OS X 10_15_7) AppleWebKit/537.36 (KHTML, like Gecko) Chrome/141.0.0.0 Safari/537.36",,REQ-1762036692713-v94vx8,,,"{""execution_time_ms"":6728,""token_usage"":{""inputTokens"":3194,""outputTokens"":104,""totalTokens"":3298,""reasoningTokens"":0,""cachedInputTokens"":3072},""finish_reason"":""stop"",""response_length"":532}",,,0,
AUDIT-1762036819331-0WS6Q3,2025-11-01T22:40:19.331Z,SYSTEM_ACCESS,LOW,alice@company.com,,,,,,chat_message_sent,SUCCESS,"User sent chat message: I need access to the  backend repository ",::1,"Mozilla/5.0 (Macintosh; Intel Mac OS X 10_15_7) AppleWebKit/537.36 (KHTML, like Gecko) Chrome/141.0.0.0 Safari/537.36",,,,,"{""message_length"":41,""message_preview"":""I need access to the  backend repository "",""input_method"":""text_input"",""browser_url"":""http://localhost:3000/"",""browser_referrer"":""http://localhost:3000/"",""browser_user_agent"":""Mozilla/5.0 (Macintosh; Intel Mac OS X 10_15_7) AppleWebKit/537.36 (KHTML, like Gecko) Chrome/141.0.0.0 Safari/537.36"",""browser_timestamp"":""2025-11-01T22:40:19.279Z"",""client_side"":true,""server_processed"":true,""received_at"":""2025-11-01T22:40:19.331Z""}",,,0,
AUDIT-1762036819380-T1QHE6,2025-11-01T22:40:19.380Z,SYSTEM_ACCESS,LOW,alice@company.com,,,,,,chat_request_initiated,SUCCESS,Chat request initiated with 1 messages,::1,"Mozilla/5.0 (Macintosh; Intel Mac OS X 10_15_7) AppleWebKit/537.36 (KHTML, like Gecko) Chrome/141.0.0.0 Safari/537.36",,REQ-1762036819379-yu86ht,,,"{""message_count"":1,""last_message"":""I need access to the  backend repository "",""request_method"":""POST"",""endpoint"":""/api/chat""}",,,0,
AUDIT-1762036820483-N6FKH2,2025-11-01T22:40:20.483Z,TOOL_EXECUTED,LOW,alice@company.com,,,,,,execute_tool_checkUserAccess,SUCCESS,Tool checkUserAccess executed success,,,,,,,"{""tool_name"":""checkUserAccess"",""parameters"":{""userEmail"":""alice@company.com""}}",,,0,"automation,tool_usage"
AUDIT-1762036820495-VV3FDD,2025-11-01T22:40:20.495Z,SYSTEM_ACCESS,LOW,alice@company.com,,,,,,access_check_completed,SUCCESS,User access check returned 6 active permissions,,,,,,,"{""access_count"":6,""resources"":""database:staging_db,database:production_db,api_key:stripe,network:vpn_whitelist,cloud:aws_dev,tool:datadog""}",,,0,
AUDIT-1762036820498-S7N13M,2025-11-01T22:40:20.498Z,TOOL_EXECUTED,LOW,alice@company.com,,,,,,execute_tool_checkUserAccess,SUCCESS,Tool checkUserAccess executed success,,,,,,,"{""tool_name"":""checkUserAccess"",""parameters"":{""userEmail"":""alice@company.com""},""error_message"":15}",,,0,"automation,tool_usage"
AUDIT-1762036823004-2P2N50,2025-11-01T22:40:23.004Z,TOOL_EXECUTED,LOW,alice@company.com,,,,,,execute_tool_getUserRequestHistory,SUCCESS,Tool getUserRequestHistory executed success,,,,,,,"{""tool_name"":""getUserRequestHistory"",""parameters"":{""userEmail"":""alice@company.com""}}",,,0,"automation,tool_usage"
AUDIT-1762036823013-2Z533H,2025-11-01T22:40:23.013Z,SYSTEM_ACCESS,LOW,alice@company.com,,,,,,request_history_retrieved,SUCCESS,"Request history retrieved: 3 pending, 1 approved, 0 rejected",,,,,,,"{""total_requests"":4,""pending_count"":3,""approved_count"":1,""rejected_count"":0}",,,0,
AUDIT-1762036831713-STNT4T,2025-11-01T22:40:31.713Z,SYSTEM_ACCESS,LOW,alice@company.com,,,,,,chat_request_completed,SUCCESS,Chat request completed successfully in 12329ms,::1,"Mozilla/5.0 (Macintosh; Intel Mac OS X 10_15_7) AppleWebKit/537.36 (KHTML, like Gecko) Chrome/141.0.0.0 Safari/537.36",,REQ-1762036819379-yu86ht,,,"{""execution_time_ms"":12329,""token_usage"":{""inputTokens"":3629,""outputTokens"":268,""totalTokens"":3897,""reasoningTokens"":0,""cachedInputTokens"":3328},""finish_reason"":""stop"",""response_length"":1231}",,,0,
AUDIT-1762036843036-CJTWBM,2025-11-01T22:40:43.036Z,UI_ACTION_PERFORMED,LOW,alice@company.com,,,,,,ui_submit_access_request_performed,SUCCESS,UI interaction: submit_access_request - performed,::1,"Mozilla/5.0 (Macintosh; Intel Mac OS X 10_15_7) AppleWebKit/537.36 (KHTML, like Gecko) Chrome/141.0.0.0 Safari/537.36",,,,,"{""component_type"":""submit_access_request"",""ui_action"":""performed"",""form_data"":{""resourceType"":""github"",""resourceName"":""backend_team_org"",""reason"":""I need access to build a new feature."",""urgency"":""medium""},""browser_url"":""http://localhost:3000/"",""browser_referrer"":""http://localhost:3000/"",""browser_user_agent"":""Mozilla/5.0 (Macintosh; Intel Mac OS X 10_15_7) AppleWebKit/537.36 (KHTML, like Gecko) Chrome/141.0.0.0 Safari/537.36"",""browser_timestamp"":""2025-11-01T22:40:43.017Z"",""client_side"":true,""server_processed"":true,""received_at"":""2025-11-01T22:40:43.036Z""}",,,0,"user_interaction,ui"
AUDIT-1762036843053-3W58D3,2025-11-01T22:40:43.053Z,SYSTEM_ACCESS,LOW,alice@company.com,,,,,,access_request_form_submitted,SUCCESS,User submitted access request form for github:backend_team_org,::1,"Mozilla/5.0 (Macintosh; Intel Mac OS X 10_15_7) AppleWebKit/537.36 (KHTML, like Gecko) Chrome/141.0.0.0 Safari/537.36",,,,,"{""form_data"":{""resourceType"":""github"",""resourceName"":""backend_team_org"",""reason"":""I need access to build a new feature."",""urgency"":""medium""},""ui_component"":""access_request_form"",""browser_url"":""http://localhost:3000/"",""browser_referrer"":""http://localhost:3000/"",""browser_user_agent"":""Mozilla/5.0 (Macintosh; Intel Mac OS X 10_15_7) AppleWebKit/537.36 (KHTML, like Gecko) Chrome/141.0.0.0 Safari/537.36"",""browser_timestamp"":""2025-11-01T22:40:43.045Z"",""client_side"":true,""server_processed"":true,""received_at"":""2025-11-01T22:40:43.053Z""}",,,0,"form_submission,access_request"
AUDIT-1762036843102-YOAJHJ,2025-11-01T22:40:43.102Z,SYSTEM_ACCESS,LOW,alice@company.com,,,,,,chat_request_initiated,SUCCESS,Chat request initiated with 3 messages,::1,"Mozilla/5.0 (Macintosh; Intel Mac OS X 10_15_7) AppleWebKit/537.36 (KHTML, like Gecko) Chrome/141.0.0.0 Safari/537.36",,REQ-1762036843102-3mlg31,,,"{""message_count"":3,""last_message"":""I've submitted an access request for github:backend_team_org. Reason: I need access to build a new f"",""request_method"":""POST"",""endpoint"":""/api/chat""}",,,0,
AUDIT-1762036844619-2VQSCO,2025-11-01T22:40:44.619Z,TOOL_EXECUTED,LOW,alice@company.com,,,,,,execute_tool_getUserRequestHistory,SUCCESS,Tool getUserRequestHistory executed success,,,,,,,"{""tool_name"":""getUserRequestHistory"",""parameters"":{""userEmail"":""alice@company.com""}}",,,0,"automation,tool_usage"
AUDIT-1762036844630-1MJ8GZ,2025-11-01T22:40:44.630Z,SYSTEM_ACCESS,LOW,alice@company.com,,,,,,request_history_retrieved,SUCCESS,"Request history retrieved: 3 pending, 1 approved, 0 rejected",,,,,,,"{""total_requests"":4,""pending_count"":3,""approved_count"":1,""rejected_count"":0}",,,0,
AUDIT-1762036850162-X7N19G,2025-11-01T22:40:50.162Z,SYSTEM_ACCESS,LOW,alice@company.com,,,,,,chat_request_completed,SUCCESS,Chat request completed successfully in 7058ms,::1,"Mozilla/5.0 (Macintosh; Intel Mac OS X 10_15_7) AppleWebKit/537.36 (KHTML, like Gecko) Chrome/141.0.0.0 Safari/537.36",,REQ-1762036843102-3mlg31,,,"{""execution_time_ms"":7058,""token_usage"":{""inputTokens"":4336,""outputTokens"":207,""totalTokens"":4543,""reasoningTokens"":0,""cachedInputTokens"":3840},""finish_reason"":""stop"",""response_length"":848}",,,0,
AUDIT-1762036874413-RAQ9TZ,2025-11-01T22:41:14.413Z,SYSTEM_ACCESS,LOW,alice@company.com,,,,,,chat_message_sent,SUCCESS,"User sent chat message: I would like to whtielist my ip. ",::1,"Mozilla/5.0 (Macintosh; Intel Mac OS X 10_15_7) AppleWebKit/537.36 (KHTML, like Gecko) Chrome/141.0.0.0 Safari/537.36",,,,,"{""message_length"":33,""message_preview"":""I would like to whtielist my ip. "",""input_method"":""text_input"",""browser_url"":""http://localhost:3000/"",""browser_referrer"":""http://localhost:3000/"",""browser_user_agent"":""Mozilla/5.0 (Macintosh; Intel Mac OS X 10_15_7) AppleWebKit/537.36 (KHTML, like Gecko) Chrome/141.0.0.0 Safari/537.36"",""browser_timestamp"":""2025-11-01T22:41:14.387Z"",""client_side"":true,""server_processed"":true,""received_at"":""2025-11-01T22:41:14.413Z""}",,,0,
AUDIT-1762036874488-ZSJP56,2025-11-01T22:41:14.488Z,SYSTEM_ACCESS,LOW,alice@company.com,,,,,,chat_request_initiated,SUCCESS,Chat request initiated with 5 messages,::1,"Mozilla/5.0 (Macintosh; Intel Mac OS X 10_15_7) AppleWebKit/537.36 (KHTML, like Gecko) Chrome/141.0.0.0 Safari/537.36",,REQ-1762036874488-90g7v9,,,"{""message_count"":5,""last_message"":""I would like to whtielist my ip. "",""request_method"":""POST"",""endpoint"":""/api/chat""}",,,0,
AUDIT-1762036875988-1ZRL5E,2025-11-01T22:41:15.989Z,SYSTEM_ACCESS,LOW,system,,,,,,get_current_ip,SUCCESS,Retrieved current IP address: 136.25.15.73,136.25.15.73,,,,,,"{""source"":""ipify_api"",""method"":""fetch""}",,,0,
AUDIT-1762036875995-CULHLI,2025-11-01T22:41:15.995Z,TOOL_EXECUTED,LOW,alice@company.com,,,,,,execute_tool_getCurrentIP,SUCCESS,Tool getCurrentIP executed success,,,,,,,"{""tool_name"":""getCurrentIP"",""parameters"":{},""error_message"":145}",,,0,"automation,tool_usage"
AUDIT-1762036877481-W7W62B,2025-11-01T22:41:17.481Z,SECURITY_VIOLATION,MEDIUM,alice@company.com,,,,,,ip_whitelist_denied_training,SUCCESS,IP whitelist denied - security training not valid,,,,,,,,,,60,"security,violation,alert"
AUDIT-1762036882422-FCDTA7,2025-11-01T22:41:22.422Z,SYSTEM_ACCESS,LOW,alice@company.com,,,,,,chat_request_completed,SUCCESS,Chat request completed successfully in 7927ms,::1,"Mozilla/5.0 (Macintosh; Intel Mac OS X 10_15_7) AppleWebKit/537.36 (KHTML, like Gecko) Chrome/141.0.0.0 Safari/537.36",,REQ-1762036874488-90g7v9,,,"{""execution_time_ms"":7927,""token_usage"":{""inputTokens"":4715,""outputTokens"":158,""totalTokens"":4873,""reasoningTokens"":0,""cachedInputTokens"":4608},""finish_reason"":""stop"",""response_length"":761}",,,0,
AUDIT-1762036925583-D05FTN,2025-11-01T22:42:05.583Z,SYSTEM_ACCESS,LOW,alice@company.com,,,,,,suggested_query_clicked,SUCCESS,User clicked suggested query: Whitelist my IP,::1,"Mozilla/5.0 (Macintosh; Intel Mac OS X 10_15_7) AppleWebKit/537.36 (KHTML, like Gecko) Chrome/141.0.0.0 Safari/537.36",,,,,"{""suggestion_text"":""Whitelist my IP"",""input_method"":""suggestion_button"",""ui_component"":""suggested_queries"",""browser_url"":""http://localhost:3000/"",""browser_referrer"":""http://localhost:3000/"",""browser_user_agent"":""Mozilla/5.0 (Macintosh; Intel Mac OS X 10_15_7) AppleWebKit/537.36 (KHTML, like Gecko) Chrome/141.0.0.0 Safari/537.36"",""browser_timestamp"":""2025-11-01T22:42:05.565Z"",""client_side"":true,""server_processed"":true,""received_at"":""2025-11-01T22:42:05.583Z""}",,,0,
AUDIT-1762036925631-KMK4G7,2025-11-01T22:42:05.631Z,SYSTEM_ACCESS,LOW,alice@company.com,,,,,,chat_request_initiated,SUCCESS,Chat request initiated with 1 messages,::1,"Mozilla/5.0 (Macintosh; Intel Mac OS X 10_15_7) AppleWebKit/537.36 (KHTML, like Gecko) Chrome/141.0.0.0 Safari/537.36",,REQ-1762036925631-h6j9pm,,,"{""message_count"":1,""last_message"":""Whitelist my IP"",""request_method"":""POST"",""endpoint"":""/api/chat""}",,,0,
AUDIT-1762036926548-VIFIW4,2025-11-01T22:42:06.548Z,SYSTEM_ACCESS,LOW,system,,,,,,get_current_ip,SUCCESS,Retrieved current IP address: 136.25.15.73,136.25.15.73,,,,,,"{""source"":""ipify_api"",""method"":""fetch""}",,,0,
AUDIT-1762036926554-ANG6CY,2025-11-01T22:42:06.554Z,TOOL_EXECUTED,LOW,alice@company.com,,,,,,execute_tool_getCurrentIP,SUCCESS,Tool getCurrentIP executed success,,,,,,,"{""tool_name"":""getCurrentIP"",""parameters"":{},""error_message"":124}",,,0,"automation,tool_usage"
AUDIT-1762036927634-9FQ62O,2025-11-01T22:42:07.634Z,SECURITY_VIOLATION,MEDIUM,alice@company.com,,,,,,ip_whitelist_denied_training,SUCCESS,IP whitelist denied - security training not valid,,,,,,,,,,60,"security,violation,alert"
AUDIT-1762036930503-PJY6M3,2025-11-01T22:42:10.503Z,TOOL_EXECUTED,LOW,alice@company.com,,,,,,execute_tool_getUserRequestHistory,SUCCESS,Tool getUserRequestHistory executed success,,,,,,,"{""tool_name"":""getUserRequestHistory"",""parameters"":{""userEmail"":""alice@company.com""}}",,,0,"automation,tool_usage"
AUDIT-1762036930510-KW0XF3,2025-11-01T22:42:10.510Z,SYSTEM_ACCESS,LOW,alice@company.com,,,,,,request_history_retrieved,SUCCESS,"Request history retrieved: 3 pending, 1 approved, 0 rejected",,,,,,,"{""total_requests"":4,""pending_count"":3,""approved_count"":1,""rejected_count"":0}",,,0,
AUDIT-1762036931866-1BD00J,2025-11-01T22:42:11.866Z,SYSTEM_ACCESS,LOW,alice@company.com,,,,,,chat_request_completed,SUCCESS,Chat request completed successfully in 6232ms,::1,"Mozilla/5.0 (Macintosh; Intel Mac OS X 10_15_7) AppleWebKit/537.36 (KHTML, like Gecko) Chrome/141.0.0.0 Safari/537.36",,REQ-1762036925631-h6j9pm,,,"{""execution_time_ms"":6232,""token_usage"":{""inputTokens"":3157,""outputTokens"":28,""totalTokens"":3185,""reasoningTokens"":0,""cachedInputTokens"":0},""finish_reason"":""tool-calls"",""response_length"":0}",,,0,
AUDIT-1762036937941-Q722XJ,2025-11-01T22:42:17.941Z,SYSTEM_ACCESS,LOW,alice@company.com,,,,,,user_role_switched,SUCCESS,User switched from alice@company.com to diana@company.com,::1,"Mozilla/5.0 (Macintosh; Intel Mac OS X 10_15_7) AppleWebKit/537.36 (KHTML, like Gecko) Chrome/141.0.0.0 Safari/537.36",,,,,"{""previous_user"":""alice@company.com"",""new_user"":""diana@company.com"",""ui_component"":""user_selector"",""browser_url"":""http://localhost:3000/"",""browser_referrer"":""http://localhost:3000/"",""browser_user_agent"":""Mozilla/5.0 (Macintosh; Intel Mac OS X 10_15_7) AppleWebKit/537.36 (KHTML, like Gecko) Chrome/141.0.0.0 Safari/537.36"",""browser_timestamp"":""2025-11-01T22:42:17.923Z"",""client_side"":true,""server_processed"":true,""received_at"":""2025-11-01T22:42:17.941Z""}",,,0,
AUDIT-1762036938663-LCVWQO,2025-11-01T22:42:18.663Z,SYSTEM_ACCESS,LOW,diana@company.com,,,,,,suggested_query_clicked,SUCCESS,User clicked suggested query: Whitelist my IP,::1,"Mozilla/5.0 (Macintosh; Intel Mac OS X 10_15_7) AppleWebKit/537.36 (KHTML, like Gecko) Chrome/141.0.0.0 Safari/537.36",,,,,"{""suggestion_text"":""Whitelist my IP"",""input_method"":""suggestion_button"",""ui_component"":""suggested_queries"",""browser_url"":""http://localhost:3000/"",""browser_referrer"":""http://localhost:3000/"",""browser_user_agent"":""Mozilla/5.0 (Macintosh; Intel Mac OS X 10_15_7) AppleWebKit/537.36 (KHTML, like Gecko) Chrome/141.0.0.0 Safari/537.36"",""browser_timestamp"":""2025-11-01T22:42:18.648Z"",""client_side"":true,""server_processed"":true,""received_at"":""2025-11-01T22:42:18.663Z""}",,,0,
AUDIT-1762036938705-HA18RX,2025-11-01T22:42:18.705Z,SYSTEM_ACCESS,LOW,diana@company.com,,,,,,chat_request_initiated,SUCCESS,Chat request initiated with 1 messages,::1,"Mozilla/5.0 (Macintosh; Intel Mac OS X 10_15_7) AppleWebKit/537.36 (KHTML, like Gecko) Chrome/141.0.0.0 Safari/537.36",,REQ-1762036938705-o9271b,,,"{""message_count"":1,""last_message"":""Whitelist my IP"",""request_method"":""POST"",""endpoint"":""/api/chat""}",,,0,
AUDIT-1762036939924-ERNT71,2025-11-01T22:42:19.924Z,SYSTEM_ACCESS,LOW,system,,,,,,get_current_ip,SUCCESS,Retrieved current IP address: 136.25.15.73,136.25.15.73,,,,,,"{""source"":""ipify_api"",""method"":""fetch""}",,,0,
AUDIT-1762036939930-YHEGS8,2025-11-01T22:42:19.930Z,TOOL_EXECUTED,LOW,diana@company.com,,,,,,execute_tool_getCurrentIP,SUCCESS,Tool getCurrentIP executed success,,,,,,,"{""tool_name"":""getCurrentIP"",""parameters"":{},""error_message"":127}",,,0,"automation,tool_usage"
AUDIT-1762036940824-4NGMND,2025-11-01T22:42:20.824Z,SECURITY_VIOLATION,MEDIUM,diana@company.com,,,,,,ip_whitelist_denied_training,SUCCESS,IP whitelist denied - security training not valid,,,,,,,,,,60,"security,violation,alert"
AUDIT-1762036948734-7DZAK4,2025-11-01T22:42:28.734Z,SYSTEM_ACCESS,LOW,diana@company.com,,,,,,chat_request_completed,SUCCESS,Chat request completed successfully in 10025ms,::1,"Mozilla/5.0 (Macintosh; Intel Mac OS X 10_15_7) AppleWebKit/537.36 (KHTML, like Gecko) Chrome/141.0.0.0 Safari/537.36",,REQ-1762036938705-o9271b,,,"{""execution_time_ms"":10025,""token_usage"":{""inputTokens"":3072,""outputTokens"":238,""totalTokens"":3310,""reasoningTokens"":0,""cachedInputTokens"":2688},""finish_reason"":""stop"",""response_length"":946}",,,0,
AUDIT-1762037044292-P7V5L7,2025-11-01T22:44:04.292Z,SYSTEM_ACCESS,LOW,alice@company.com,,,,,,suggested_query_clicked,SUCCESS,User clicked suggested query: Request access to production database,::1,"Mozilla/5.0 (Macintosh; Intel Mac OS X 10_15_7) AppleWebKit/537.36 (KHTML, like Gecko) Chrome/141.0.0.0 Safari/537.36",,,,,"{""suggestion_text"":""Request access to production database"",""input_method"":""suggestion_button"",""ui_component"":""suggested_queries"",""browser_url"":""http://localhost:3000/"",""browser_referrer"":""http://localhost:3000/"",""browser_user_agent"":""Mozilla/5.0 (Macintosh; Intel Mac OS X 10_15_7) AppleWebKit/537.36 (KHTML, like Gecko) Chrome/141.0.0.0 Safari/537.36"",""browser_timestamp"":""2025-11-01T22:44:04.269Z"",""client_side"":true,""server_processed"":true,""received_at"":""2025-11-01T22:44:04.292Z""}",,,0,
AUDIT-1762037044348-5H6GNG,2025-11-01T22:44:04.348Z,SYSTEM_ACCESS,LOW,alice@company.com,,,,,,chat_request_initiated,SUCCESS,Chat request initiated with 1 messages,::1,"Mozilla/5.0 (Macintosh; Intel Mac OS X 10_15_7) AppleWebKit/537.36 (KHTML, like Gecko) Chrome/141.0.0.0 Safari/537.36",,REQ-1762037044348-ltimr1,,,"{""message_count"":1,""last_message"":""Request access to production database"",""request_method"":""POST"",""endpoint"":""/api/chat""}",,,0,
AUDIT-1762037045154-QH0Z5Y,2025-11-01T22:44:05.154Z,TOOL_EXECUTED,LOW,alice@company.com,,,,,,execute_tool_checkUserAccess,SUCCESS,Tool checkUserAccess executed success,,,,,,,"{""tool_name"":""checkUserAccess"",""parameters"":{""userEmail"":""alice@company.com""}}",,,0,"automation,tool_usage"
AUDIT-1762037045166-PVOAPZ,2025-11-01T22:44:05.166Z,SYSTEM_ACCESS,LOW,alice@company.com,,,,,,access_check_completed,SUCCESS,User access check returned 6 active permissions,,,,,,,"{""access_count"":6,""resources"":""database:staging_db,database:production_db,api_key:stripe,network:vpn_whitelist,cloud:aws_dev,tool:datadog""}",,,0,
AUDIT-1762037045178-TKBTIY,2025-11-01T22:44:05.178Z,TOOL_EXECUTED,LOW,alice@company.com,,,,,,execute_tool_checkUserAccess,SUCCESS,Tool checkUserAccess executed success,,,,,,,"{""tool_name"":""checkUserAccess"",""parameters"":{""userEmail"":""alice@company.com""},""error_message"":24}",,,0,"automation,tool_usage"
AUDIT-1762037047768-NBQB7U,2025-11-01T22:44:07.768Z,TOOL_EXECUTED,LOW,alice@company.com,,,,,,execute_tool_getUserRequestHistory,SUCCESS,Tool getUserRequestHistory executed success,,,,,,,"{""tool_name"":""getUserRequestHistory"",""parameters"":{""userEmail"":""alice@company.com""}}",,,0,"automation,tool_usage"
AUDIT-1762037047781-P3R2JQ,2025-11-01T22:44:07.781Z,SYSTEM_ACCESS,LOW,alice@company.com,,,,,,request_history_retrieved,SUCCESS,"Request history retrieved: 3 pending, 1 approved, 0 rejected",,,,,,,"{""total_requests"":4,""pending_count"":3,""approved_count"":1,""rejected_count"":0}",,,0,
AUDIT-1762037055294-QAU082,2025-11-01T22:44:15.294Z,SYSTEM_ACCESS,LOW,alice@company.com,,,,,,chat_request_completed,SUCCESS,Chat request completed successfully in 10942ms,::1,"Mozilla/5.0 (Macintosh; Intel Mac OS X 10_15_7) AppleWebKit/537.36 (KHTML, like Gecko) Chrome/141.0.0.0 Safari/537.36",,REQ-1762037044348-ltimr1,,,"{""execution_time_ms"":10942,""token_usage"":{""inputTokens"":3776,""outputTokens"":313,""totalTokens"":4089,""reasoningTokens"":0,""cachedInputTokens"":3072},""finish_reason"":""stop"",""response_length"":1482}",,,0,
AUDIT-1762037161237-Q2QF9K,2025-11-01T22:46:01.237Z,SYSTEM_ACCESS,LOW,alice@company.com,,,,,,suggested_query_clicked,SUCCESS,User clicked suggested query: I need an OpenAI API key,::1,"Mozilla/5.0 (Macintosh; Intel Mac OS X 10_15_7) AppleWebKit/537.36 (KHTML, like Gecko) Chrome/141.0.0.0 Safari/537.36",,,,,"{""suggestion_text"":""I need an OpenAI API key"",""input_method"":""suggestion_button"",""ui_component"":""suggested_queries"",""browser_url"":""http://localhost:3000/"",""browser_referrer"":""http://localhost:3000/"",""browser_user_agent"":""Mozilla/5.0 (Macintosh; Intel Mac OS X 10_15_7) AppleWebKit/537.36 (KHTML, like Gecko) Chrome/141.0.0.0 Safari/537.36"",""browser_timestamp"":""2025-11-01T22:46:01.224Z"",""client_side"":true,""server_processed"":true,""received_at"":""2025-11-01T22:46:01.237Z""}",,,0,
AUDIT-1762037161267-TVF78F,2025-11-01T22:46:01.267Z,SYSTEM_ACCESS,LOW,alice@company.com,,,,,,chat_request_initiated,SUCCESS,Chat request initiated with 1 messages,::1,"Mozilla/5.0 (Macintosh; Intel Mac OS X 10_15_7) AppleWebKit/537.36 (KHTML, like Gecko) Chrome/141.0.0.0 Safari/537.36",,REQ-1762037161267-pj7pve,,,"{""message_count"":1,""last_message"":""I need an OpenAI API key"",""request_method"":""POST"",""endpoint"":""/api/chat""}",,,0,
AUDIT-1762037166674-F34M0Q,2025-11-01T22:46:06.674Z,SYSTEM_ACCESS,LOW,alice@company.com,,,,,,chat_request_completed,SUCCESS,Chat request completed successfully in 5402ms,::1,"Mozilla/5.0 (Macintosh; Intel Mac OS X 10_15_7) AppleWebKit/537.36 (KHTML, like Gecko) Chrome/141.0.0.0 Safari/537.36",,REQ-1762037161267-pj7pve,,,"{""execution_time_ms"":5402,""token_usage"":{""inputTokens"":2805,""outputTokens"":110,""totalTokens"":2915,""reasoningTokens"":0,""cachedInputTokens"":2560},""finish_reason"":""stop"",""response_length"":480}",,,0,
AUDIT-1762037262720-WYC1AE,2025-11-01T22:47:42.720Z,SYSTEM_ACCESS,LOW,alice@company.com,,,,,,suggested_query_clicked,SUCCESS,User clicked suggested query: Whitelist my IP,::1,"Mozilla/5.0 (Macintosh; Intel Mac OS X 10_15_7) AppleWebKit/537.36 (KHTML, like Gecko) Chrome/141.0.0.0 Safari/537.36",,,,,"{""suggestion_text"":""Whitelist my IP"",""input_method"":""suggestion_button"",""ui_component"":""suggested_queries"",""browser_url"":""http://localhost:3000/"",""browser_referrer"":""http://localhost:3000/"",""browser_user_agent"":""Mozilla/5.0 (Macintosh; Intel Mac OS X 10_15_7) AppleWebKit/537.36 (KHTML, like Gecko) Chrome/141.0.0.0 Safari/537.36"",""browser_timestamp"":""2025-11-01T22:47:42.703Z"",""client_side"":true,""server_processed"":true,""received_at"":""2025-11-01T22:47:42.720Z""}",,,0,
AUDIT-1762037262754-UZMM6U,2025-11-01T22:47:42.754Z,SYSTEM_ACCESS,LOW,alice@company.com,,,,,,chat_request_initiated,SUCCESS,Chat request initiated with 1 messages,::1,"Mozilla/5.0 (Macintosh; Intel Mac OS X 10_15_7) AppleWebKit/537.36 (KHTML, like Gecko) Chrome/141.0.0.0 Safari/537.36",,REQ-1762037262754-3stnm0,,,"{""message_count"":1,""last_message"":""Whitelist my IP"",""request_method"":""POST"",""endpoint"":""/api/chat""}",,,0,
AUDIT-1762037263864-6X5FN3,2025-11-01T22:47:43.864Z,SYSTEM_ACCESS,LOW,system,,,,,,get_current_ip,SUCCESS,Retrieved current IP address: 136.25.15.73,136.25.15.73,,,,,,"{""source"":""ipify_api"",""method"":""fetch""}",,,0,
AUDIT-1762037263875-V4AD01,2025-11-01T22:47:43.875Z,TOOL_EXECUTED,LOW,alice@company.com,,,,,,execute_tool_getCurrentIP,SUCCESS,Tool getCurrentIP executed success,,,,,,,"{""tool_name"":""getCurrentIP"",""parameters"":{},""error_message"":141}",,,0,"automation,tool_usage"
AUDIT-1762037265181-DP1XS7,2025-11-01T22:47:45.181Z,SYSTEM_ACCESS,LOW,system,,,,,,get_current_ip,SUCCESS,Retrieved current IP address: 136.25.15.73,136.25.15.73,,,,,,"{""source"":""ipify_api"",""method"":""fetch""}",,,0,
AUDIT-1762037265188-4KEP6M,2025-11-01T22:47:45.188Z,IP_WHITELISTED,MEDIUM,alice@company.com,,,,,,ip_whitelisted,PENDING,IP 136.25.15.73 whitelisted for alice@company.com,136.25.15.73,,,,,,"{""whitelist_reason"":""VPN access requested"",""network_action"":""WHITELISTED""}",,,50,"network_security,ip_management"
AUDIT-1762037265198-ZDK2C9,2025-11-01T22:47:45.198Z,IP_WHITELISTED,MEDIUM,alice@company.com,,,,,,ip_whitelisted,FAILURE,IP 136.25.15.73 whitelisted for alice@company.com,136.25.15.73,,,,,,"{""whitelist_reason"":""IP already whitelisted"",""network_action"":""WHITELISTED""}",,,50,"network_security,ip_management"
AUDIT-1762037267719-1XUE8U,2025-11-01T22:47:47.719Z,SYSTEM_ACCESS,LOW,alice@company.com,,,,,,chat_request_completed,SUCCESS,Chat request completed successfully in 4959ms,::1,"Mozilla/5.0 (Macintosh; Intel Mac OS X 10_15_7) AppleWebKit/537.36 (KHTML, like Gecko) Chrome/141.0.0.0 Safari/537.36",,REQ-1762037262754-3stnm0,,,"{""execution_time_ms"":4959,""token_usage"":{""inputTokens"":2721,""outputTokens"":64,""totalTokens"":2785,""reasoningTokens"":0,""cachedInputTokens"":2560},""finish_reason"":""stop"",""response_length"":258}",,,0,
AUDIT-1762037272933-MWUL1O,2025-11-01T22:47:52.933Z,SYSTEM_ACCESS,LOW,alice@company.com,,,,,,suggested_query_clicked,SUCCESS,User clicked suggested query: I need an OpenAI API key,::1,"Mozilla/5.0 (Macintosh; Intel Mac OS X 10_15_7) AppleWebKit/537.36 (KHTML, like Gecko) Chrome/141.0.0.0 Safari/537.36",,,,,"{""suggestion_text"":""I need an OpenAI API key"",""input_method"":""suggestion_button"",""ui_component"":""suggested_queries"",""browser_url"":""http://localhost:3000/"",""browser_referrer"":""http://localhost:3000/"",""browser_user_agent"":""Mozilla/5.0 (Macintosh; Intel Mac OS X 10_15_7) AppleWebKit/537.36 (KHTML, like Gecko) Chrome/141.0.0.0 Safari/537.36"",""browser_timestamp"":""2025-11-01T22:47:52.917Z"",""client_side"":true,""server_processed"":true,""received_at"":""2025-11-01T22:47:52.932Z""}",,,0,
AUDIT-1762037272981-PM5KRW,2025-11-01T22:47:52.981Z,SYSTEM_ACCESS,LOW,alice@company.com,,,,,,chat_request_initiated,SUCCESS,Chat request initiated with 1 messages,::1,"Mozilla/5.0 (Macintosh; Intel Mac OS X 10_15_7) AppleWebKit/537.36 (KHTML, like Gecko) Chrome/141.0.0.0 Safari/537.36",,REQ-1762037272981-5b2ija,,,"{""message_count"":1,""last_message"":""I need an OpenAI API key"",""request_method"":""POST"",""endpoint"":""/api/chat""}",,,0,
AUDIT-1762037276309-53M9OV,2025-11-01T22:47:56.309Z,TOOL_EXECUTED,LOW,alice@company.com,,,,,,execute_tool_checkUserAccess,SUCCESS,Tool checkUserAccess executed success,,,,,,,"{""tool_name"":""checkUserAccess"",""parameters"":{""userEmail"":""alice@company.com""}}",,,0,"automation,tool_usage"
AUDIT-1762037276320-9M8YZE,2025-11-01T22:47:56.320Z,SYSTEM_ACCESS,LOW,alice@company.com,,,,,,access_check_completed,SUCCESS,User access check returned 6 active permissions,,,,,,,"{""access_count"":6,""resources"":""database:staging_db,database:production_db,api_key:stripe,network:vpn_whitelist,cloud:aws_dev,tool:datadog""}",,,0,
AUDIT-1762037276326-HY03WL,2025-11-01T22:47:56.326Z,TOOL_EXECUTED,LOW,alice@company.com,,,,,,execute_tool_checkUserAccess,SUCCESS,Tool checkUserAccess executed success,,,,,,,"{""tool_name"":""checkUserAccess"",""parameters"":{""userEmail"":""alice@company.com""},""error_message"":17}",,,0,"automation,tool_usage"
AUDIT-1762037282691-NJVO71,2025-11-01T22:48:02.692Z,SYSTEM_ACCESS,LOW,alice@company.com,,,,,,chat_request_completed,SUCCESS,Chat request completed successfully in 9707ms,::1,"Mozilla/5.0 (Macintosh; Intel Mac OS X 10_15_7) AppleWebKit/537.36 (KHTML, like Gecko) Chrome/141.0.0.0 Safari/537.36",,REQ-1762037272981-5b2ija,,,"{""execution_time_ms"":9707,""token_usage"":{""inputTokens"":3312,""outputTokens"":181,""totalTokens"":3493,""reasoningTokens"":0,""cachedInputTokens"":3200},""finish_reason"":""stop"",""response_length"":716}",,,0,
AUDIT-1762037316748-PSKB0R,2025-11-01T22:48:36.748Z,SYSTEM_ACCESS,LOW,alice@company.com,,,,,,chat_message_sent,SUCCESS,"User sent chat message: I would like to raise a approval request as well. ",::1,"Mozilla/5.0 (Macintosh; Intel Mac OS X 10_15_7) AppleWebKit/537.36 (KHTML, like Gecko) Chrome/141.0.0.0 Safari/537.36",,,,,"{""message_length"":50,""message_preview"":""I would like to raise a approval request as well. "",""input_method"":""text_input"",""browser_url"":""http://localhost:3000/"",""browser_referrer"":""http://localhost:3000/"",""browser_user_agent"":""Mozilla/5.0 (Macintosh; Intel Mac OS X 10_15_7) AppleWebKit/537.36 (KHTML, like Gecko) Chrome/141.0.0.0 Safari/537.36"",""browser_timestamp"":""2025-11-01T22:48:36.732Z"",""client_side"":true,""server_processed"":true,""received_at"":""2025-11-01T22:48:36.748Z""}",,,0,
AUDIT-1762037316799-79F0Q1,2025-11-01T22:48:36.799Z,SYSTEM_ACCESS,LOW,alice@company.com,,,,,,chat_request_initiated,SUCCESS,Chat request initiated with 3 messages,::1,"Mozilla/5.0 (Macintosh; Intel Mac OS X 10_15_7) AppleWebKit/537.36 (KHTML, like Gecko) Chrome/141.0.0.0 Safari/537.36",,REQ-1762037316799-4sd79a,,,"{""message_count"":3,""last_message"":""I would like to raise a approval request as well. "",""request_method"":""POST"",""endpoint"":""/api/chat""}",,,0,
AUDIT-1762037322607-TT2RQC,2025-11-01T22:48:42.607Z,SYSTEM_ACCESS,LOW,alice@company.com,,,,,,chat_request_completed,SUCCESS,Chat request completed successfully in 5804ms,::1,"Mozilla/5.0 (Macintosh; Intel Mac OS X 10_15_7) AppleWebKit/537.36 (KHTML, like Gecko) Chrome/141.0.0.0 Safari/537.36",,REQ-1762037316799-4sd79a,,,"{""execution_time_ms"":5804,""token_usage"":{""inputTokens"":3800,""outputTokens"":151,""totalTokens"":3951,""reasoningTokens"":0,""cachedInputTokens"":3456},""finish_reason"":""stop"",""response_length"":599}",,,0,
AUDIT-1762037333117-21LNYQ,2025-11-01T22:48:53.117Z,UI_ACTION_PERFORMED,LOW,alice@company.com,,,,,,ui_submit_access_request_performed,SUCCESS,UI interaction: submit_access_request - performed,::1,"Mozilla/5.0 (Macintosh; Intel Mac OS X 10_15_7) AppleWebKit/537.36 (KHTML, like Gecko) Chrome/141.0.0.0 Safari/537.36",,,,,"{""component_type"":""submit_access_request"",""ui_action"":""performed"",""form_data"":{""resourceType"":""api_key"",""resourceName"":""openai"",""reason"":""I need to test the latest code"",""urgency"":""medium""},""browser_url"":""http://localhost:3000/"",""browser_referrer"":""http://localhost:3000/"",""browser_user_agent"":""Mozilla/5.0 (Macintosh; Intel Mac OS X 10_15_7) AppleWebKit/537.36 (KHTML, like Gecko) Chrome/141.0.0.0 Safari/537.36"",""browser_timestamp"":""2025-11-01T22:48:53.099Z"",""client_side"":true,""server_processed"":true,""received_at"":""2025-11-01T22:48:53.117Z""}",,,0,"user_interaction,ui"
AUDIT-1762037333152-X3H3GO,2025-11-01T22:48:53.152Z,SYSTEM_ACCESS,LOW,alice@company.com,,,,,,access_request_form_submitted,SUCCESS,User submitted access request form for api_key:openai,::1,"Mozilla/5.0 (Macintosh; Intel Mac OS X 10_15_7) AppleWebKit/537.36 (KHTML, like Gecko) Chrome/141.0.0.0 Safari/537.36",,,,,"{""form_data"":{""resourceType"":""api_key"",""resourceName"":""openai"",""reason"":""I need to test the latest code"",""urgency"":""medium""},""ui_component"":""access_request_form"",""browser_url"":""http://localhost:3000/"",""browser_referrer"":""http://localhost:3000/"",""browser_user_agent"":""Mozilla/5.0 (Macintosh; Intel Mac OS X 10_15_7) AppleWebKit/537.36 (KHTML, like Gecko) Chrome/141.0.0.0 Safari/537.36"",""browser_timestamp"":""2025-11-01T22:48:53.145Z"",""client_side"":true,""server_processed"":true,""received_at"":""2025-11-01T22:48:53.152Z""}",,,0,"form_submission,access_request"
AUDIT-1762037333208-TRQNTE,2025-11-01T22:48:53.208Z,SYSTEM_ACCESS,LOW,alice@company.com,,,,,,chat_request_initiated,SUCCESS,Chat request initiated with 5 messages,::1,"Mozilla/5.0 (Macintosh; Intel Mac OS X 10_15_7) AppleWebKit/537.36 (KHTML, like Gecko) Chrome/141.0.0.0 Safari/537.36",,REQ-1762037333208-nptgha,,,"{""message_count"":5,""last_message"":""I've submitted an access request for api_key:openai. Reason: I need to test the latest code. Urgency"",""request_method"":""POST"",""endpoint"":""/api/chat""}",,,0,
AUDIT-1762037336014-ED0TEK,2025-11-01T22:48:56.014Z,SYSTEM_ACCESS,LOW,alice@company.com,,,,,,chat_request_completed,SUCCESS,Chat request completed successfully in 2800ms,::1,"Mozilla/5.0 (Macintosh; Intel Mac OS X 10_15_7) AppleWebKit/537.36 (KHTML, like Gecko) Chrome/141.0.0.0 Safari/537.36",,REQ-1762037333208-nptgha,,,"{""execution_time_ms"":2800,""token_usage"":{""inputTokens"":3983,""outputTokens"":122,""totalTokens"":4105,""reasoningTokens"":0,""cachedInputTokens"":3840},""finish_reason"":""stop"",""response_length"":490}",,,0,